﻿<?xml version="1.0"?>
<doc>
<assembly>
<name>
RMC-RFA1.1.0
</name>
</assembly>
<members>
<member name="M:RFA.ReservoirRouting.Route(System.Data.DataTable,System.Int32,System.Double,System.Double,System.Double,System.Double[0:,0:],System.Int32,System.Int32,System.Boolean,System.Boolean,System.Boolean,System.Boolean,System.Int32)">
	<summary>
 This will perform Modified Puls reservoir routing
 </summary>
	<param name="RM_TBL"></param>
 This is the stage-storage-discharge table plus the storage-indicator curve used for Mod Puls
 <param name="TimeWindow"></param>
 User-defined time window converted to hours
 <param name="TimeStep"></param>
 User-defined time step converted to hours
 <param name="ScaleRatio"></param>
 Scale ratio derived in stochastic simulation and passed here
 <param name="InitialStage"></param>
 Starting stage derived in stochastic simulation and passed here
 <param name="InflowHydrograph"></param>
 Array of user-defined inflow hydrograph shapes
 <param name="HYD_RowLength"></param>
 Array of row lengths associated with each inflow hydrograph shape
 <param name="HYD_Column"></param>
 The column index for inflow hydrograph array derived in stochastic simulation and passed here
 <param name="MultipleEvent"></param>
 Boolean used to identify if this is a multilple event simulation or single event
 <param name="PeakStageOut"></param>
 User-defined boolean for generating stage-frequency curve
 <param name="PeakDischargeOut"></param>
 User-defined boolean for generating peak discharge-frequency curve
 <param name="PeakDischargeDurationOut"></param>
 User-defined boolean for generating discharge-duration-frequency curve
 <param name="Duration"></param>
 Duration for discharge-duration-frequency curve
 <remarks></remarks>
</member><member name="P:RFA.Project.Name">
	<summary>
 Project Name
 </summary>
	<value></value>
	<returns></returns>
	<remarks></remarks>
</member><member name="P:RFA.Project.Description">
	<summary>
 Project Description
 </summary>
	<value></value>
	<returns></returns>
	<remarks></remarks>
</member><member name="P:RFA.Project.UnitSystem">
	<summary>
 Project Unit System
 </summary>
	<value></value>
	<returns></returns>
	<remarks></remarks>
</member><member name="P:RFA.Project.Version">
	<summary>
 RMC-RFA Version
 </summary>
	<value></value>
	<returns></returns>
	<remarks></remarks>
</member><member name="P:RFA.My.Resources.Resources.ResourceManager">
	<summary>
  Returns the cached ResourceManager instance used by this class.
</summary>
</member><member name="P:RFA.My.Resources.Resources.Culture">
	<summary>
  Overrides the current thread's CurrentUICulture property for all
  resource lookups using this strongly typed resource class.
</summary>
</member><member name="P:RFA.My.Resources.Resources._04_zoom">
	<summary>
  Looks up a localized resource of type System.Drawing.Icon similar to (Icon).
</summary>
</member><member name="T:RFA.My.Resources.Resources">
	<summary>
  A strongly-typed resource class, for looking up localized strings, etc.
</summary>
</member><member name="T:RFA.ProgressBarEx.GradiantArea">
	<summary>Enum of positions used for the ProgressBar`s GradiantPosition property.</summary>
</member><member name="T:RFA.ProgressBarEx.ImageLayoutType">
	<summary>Enum of ImageLayout types used for the ProgressBar`s ImageLayout property.</summary>
</member><member name="T:RFA.ProgressBarEx.ProgressDir">
	<summary>Enum of Progress Direction types used for the ProgressDirection property.</summary>
</member><member name="P:RFA.CMRmedia.MRUMenu.MruItem.FilePath">
	<summary>
 MRU Item's file path as a string
 </summary>
</member><member name="P:RFA.CMRmedia.MRUMenu.MruItem.Name">
	<summary>
 MRU Item's file path shortend to the menu's specified width
 </summary>
</member><member name="T:RFA.CMRmedia.MRUMenu.MruItem">
	<summary>
 Structure for automating the handling of MRU item paths and eclipsed name
 </summary>
</member><member name="P:RFA.CMRmedia.MRUMenu.Width">
	<summary>
 Get or Set the width of the MRU item's text in the menu
 Default: 35
 </summary>
</member><member name="P:RFA.CMRmedia.MRUMenu.FileName">
	<summary>
 Get or Set the xml file path for storing the MRU list
 </summary>
</member><member name="P:RFA.CMRmedia.MRUMenu.MaxItems">
	<summary>
 Get or Set the Maximum number of items stored in the list
 </summary>
</member><member name="P:RFA.CMRmedia.MRUMenu.ShowClearRecent(System.String)">
	<summary>
 Show a menu item in the MRU list used to clear the list by the user. Default: True
 </summary>
	<param name="title">Name used for the Clear Menu option</param>
	<value></value>
	<returns></returns>
	<remarks></remarks>
</member><member name="P:RFA.CMRmedia.MRUMenu.Validate">
	<summary>
 Check when loading MRU list to see if the files still exist and removes as necessary
 </summary>
	<value>Boolean</value>
	<returns>Boolean</returns>
	<remarks></remarks>
</member><member name="P:RFA.CMRmedia.MRUMenu.StoreRelativePaths">
	<summary>
 When saving MRU list store the files as Relative paths to the application directory
 </summary>
	<value>Boolean</value>
	<returns>Boolean</returns>
	<remarks></remarks>
</member><member name="M:RFA.CMRmedia.MRUMenu.#ctor(System.Windows.Forms.ToolStripMenuItem,System.Windows.Forms.Form)">
	<summary>
 Initializes the MRU list and connects to the forms ToolStripMenuItem specified
 </summary>
	<param name="RecentMenu">The ToolStripMenuItem to associate to</param>
</member><member name="M:RFA.CMRmedia.MRUMenu.AddItem(System.String)">
	<summary>
 Adds a new recent file to the menu
 </summary>
	<param name="filePath">Path to the file as a string</param>
	<remarks></remarks>
</member><member name="M:RFA.CMRmedia.MRUMenu.RemoveItem(System.String)">
	<summary>
 Remove file when project is renamed
 </summary>
	<param name="filePath"></param>
	<remarks></remarks>
</member><member name="M:RFA.CMRmedia.MRUMenu.Load">
	<summary>
 Loads MRU list from file if it exists
 </summary>
	<remarks></remarks>
</member><member name="M:RFA.CMRmedia.MRUMenu.Clear">
	<summary>
 Clear the MRU list
 </summary>
	<remarks></remarks>
</member><member name="M:RFA.CMRmedia.MRUMenu.Save">
	<summary>
 Saves the current MRU list to the MRU file
 </summary>
	<remarks></remarks>
</member><member name="M:RFA.CMRmedia.MRUMenu.showFullList">
	<summary>
 Displays a dialogue with the full list of Recent Files currently stored
 </summary>
	<remarks></remarks>
</member><member name="M:RFA.CMRmedia.MRUMenu.transformPath(System.String,System.Boolean)">
	<summary>
 Transform the path from Absolute to Relative or the reverse
 </summary>
	<param name="filePath">The path to transform</param>
	<param name="Relative">Transform to relative</param>
	<returns>Transformed path string</returns>
	<remarks></remarks>
</member><member name="M:RFA.CMRmedia.MRUMenu.fileExists(System.String)">
	<summary>
 Check to see if the MRU item still exists if validation is turned on
 </summary>
	<param name="filePath">the file to check</param>
	<returns>Boolean</returns>
	<remarks></remarks>
</member><member name="M:RFA.CMRmedia.MRUMenu.itemExists(System.String)">
	<summary>
 Check to see if the path is already in the MRU list
 </summary>
	<param name="filepath">The file path to check for</param>
	<returns>Index if item if found or -1 if not</returns>
	<remarks></remarks>
</member><member name="M:RFA.CMRmedia.MRUMenu.buildMenu">
	<summary>
 Clears and rebuilds the MRU menu with the current list
 </summary>
	<remarks></remarks>
</member><member name="E:RFA.CMRmedia.MRUMenu.mruItemClick">
	<summary>
 Even is fired upon clicking of a MRU menu item
 </summary>
	<param name="mruPath">The FileName path that was clicked</param>
	<remarks></remarks>
</member><member name="M:RFA.CMRmedia.MRUMenu.mruClick(System.Windows.Forms.ToolStripMenuItem,System.EventArgs)">
	<summary>
 Used to fire the mruItemClick event
 </summary>
	<param name="sender">MRU Item that was clicked</param>
	<param name="e">Event Arguments</param>
	<remarks></remarks>
</member><member name="T:RFA.CMRmedia.MRUMenu.MruException.MruErrorType">
	<summary>
 Enumeration of the Error types used
 </summary>
	<remarks></remarks>
</member><member name="P:RFA.CMRmedia.MRUMenu.MruException.ErrorType">
	<summary>
 Quick reference to the error that occured
 Returns:
 FileNotFound(1)
 FileWontOpen(2)
 NoSave(3)
 </summary>
	<remarks></remarks>
</member><member name="F:RFA.CMRmedia.MRUMenu.MruException.innerException">
	<summary>
 Exposes any innerExceptions
 </summary>
	<remarks></remarks>
</member><member name="F:RFA.CMRmedia.MRUMenu.MruException.message">
	<summary>
 Exposes any relavent messages to the error
 </summary>
	<remarks></remarks>
</member><member name="T:RFA.CMRmedia.MRUMenu.MruException">
	<summary>
 Structure used for sending errors throu MruError Event
 </summary>
	<remarks></remarks>
</member><member name="E:RFA.CMRmedia.MRUMenu.MruError">
	<summary>
 Event fired upon any errors in the MRU menu Class
 </summary>
	<param name="ex">The MruException information</param>
	<remarks></remarks>
</member><member name="M:RFA.CMRmedia.MRUMenu.mruListDoubleClick(System.Object,System.EventArgs)">
	<summary>
 Used to expose double click of selected item in Full Recent list
 </summary>
	<param name="sender"></param>
	<param name="e"></param>
	<remarks></remarks>
</member><member name="M:RFA.CMRmedia.MRUMenu.mruListClick(System.Object,System.EventArgs)">
	<summary>
 Shows tool tip when a new entry in the list is selected
 </summary>
	<param name="sender"></param>
	<param name="e"></param>
	<remarks></remarks>
</member><member name="M:RFA.CMRmedia.MRUMenu._frm_KeyPressed(System.Object,System.Windows.Forms.KeyEventArgs)">
	<summary>
 Handles pressing of escape key to cloe the full list
 </summary>
	<param name="sender"></param>
	<param name="e"></param>
	<remarks></remarks>
</member><member name="M:RFA.CMRmedia.MRUMenu._listbox_KeyPressed(System.Object,System.Windows.Forms.KeyEventArgs)">
	<summary>
 Used to expose double click of selected item in Full Recent list and handles escape key
 </summary>
	<param name="sender"></param>
	<param name="e"></param>
	<remarks></remarks>
</member><member name="M:RFA.CMRmedia.MRUMenu._btnClear_Click(System.Object,System.EventArgs)">
	<summary>
 Handles Clear Button click
 </summary>
	<param name="sender"></param>
	<param name="e"></param>
	<remarks></remarks>
</member><member name="M:RFA.CMRmedia.MRUMenu._btnOpen_Click(System.Object,System.EventArgs)">
	<summary>
 Handles Open Button click
 </summary>
	<param name="sender"></param>
	<param name="e"></param>
	<remarks></remarks>
</member><member name="T:RFA.CMRmedia.MRUMenu">
	<summary>
 Menu Class for automating handling of most recently used file menus
 </summary>
</member><member name="F:RFA.Frm_RFA.mruList">
 Declare the MRU List so we can capture its events and initialize it

</member><member name="P:RFA.OpenFolderDialog.InitialFolder">
	<summary>
 Gets/sets folder in which dialog will be open.
 </summary>
</member><member name="P:RFA.OpenFolderDialog.DefaultFolder">
	<summary>
 Gets/sets directory in which dialog will be open if there is no recent directory available.
 </summary>
</member><member name="P:RFA.OpenFolderDialog.Folder">
	<summary>
 Gets selected folder.
 </summary>
</member>
</members>
</doc>